STOP_ID,DIRECTION_ID,STOP_NAME,LON,LAT,STATION_NAME,STATION_DESCRIPTIVE_NAME,PARENT_STOP_ID,ADA,Red,Blue,Brn,G,P,Pexp,Y,Pink,Org
30162,W,"18th (54th/Cermak-bound)",-87.669147000000000000000000000000,41.857908000000000000000000000000,18th,"18th (Pink Line)",40830,1,0,0,0,0,0,0,0,1,0
30161,E,"18th (Loop-bound)",-87.669147000000000000000000000000,41.857908000000000000000000000000,18th,"18th (Pink Line)",40830,1,0,0,0,0,0,0,0,1,0
30022,N,"35th/Archer (Loop-bound)",-87.680622000000000000000000000000,41.829353000000000000000000000000,35th/Archer,"35th/Archer (Orange Line)",40120,1,0,0,0,0,0,0,0,0,1
30023,S,"35th/Archer (Midway-bound)",-87.680622000000000000000000000000,41.829353000000000000000000000000,35th/Archer,"35th/Archer (Orange Line)",40120,1,0,0,0,0,0,0,0,0,1
30214,S,"35-Bronzeville-IIT (63rd-bound)",-87.625826000000000000000000000000,41.831677000000000000000000000000,35th-Bronzeville-IIT,"35th-Bronzeville-IIT (Green Line)",41120,1,0,0,0,1,0,0,0,0,0
30213,N,"35-Bronzeville-IIT (Harlem-bound)",-87.625826000000000000000000000000,41.831677000000000000000000000000,35th-Bronzeville-IIT,"35th-Bronzeville-IIT (Green Line)",41120,1,0,0,0,1,0,0,0,0,0
30246,S,"43rd (63rd-bound)",-87.619021000000000000000000000000,41.816462000000000000000000000000,43rd,"43rd (Green Line)",41270,1,0,0,0,1,0,0,0,0,0
30245,N,"43rd (Harlem-bound)",-87.619021000000000000000000000000,41.816462000000000000000000000000,43rd,"43rd (Green Line)",41270,1,0,0,0,1,0,0,0,0,0
30210,S,"47th (63rd-bound) Elevated (63rd-bound)",-87.618826000000000000000000000000,41.809209000000000000000000000000,47th,"47th (Green Line)",41080,1,0,0,0,1,0,0,0,0,0
30209,N,"47th (SB) Elevated (Harlem-bound)",-87.618826000000000000000000000000,41.809209000000000000000000000000,47th,"47th (Green Line)",41080,1,0,0,0,1,0,0,0,0,0
30238,S,"47th-Dan Ryan (95th-bound)",-87.630940000000000000000000000000,41.810318000000000000000000000000,47th,"47th (Red Line)",41230,1,1,0,0,0,0,0,0,0,0
30237,N,"47th-Dan Ryan (Howard-bound)",-87.630940000000000000000000000000,41.810318000000000000000000000000,47th,"47th (Red Line)",41230,1,1,0,0,0,0,0,0,0,0
30025,S,"51st (63rd-bound)",-87.618487000000000000000000000000,41.802090000000000000000000000000,51st,"51st (Green Line)",40130,1,0,0,0,1,0,0,0,0,0
30024,N,"51st (Harlem-bound)",-87.618487000000000000000000000000,41.802090000000000000000000000000,51st,"51st (Green Line)",40130,1,0,0,0,1,0,0,0,0,0
30113,E,"54th/Cermak (Loop-bound)",-87.756692010000000000000000000000,41.851773310000000000000000000000,54th/Cermak,"54th/Cermak (Pink Line)",40580,1,0,0,0,0,0,0,0,1,0
30114,W,"54th/Cermak (Terminal arrival)",-87.756692010000000000000000000000,41.851773310000000000000000000000,54th/Cermak,"54th/Cermak (Pink Line)",40580,1,0,0,0,0,0,0,0,1,0
30178,S,"63rd-Dan Ryan (95th-bound)",-87.630952000000000000000000000000,41.780536000000000000000000000000,63rd,"63rd (Red Line)",40910,0,1,0,0,0,0,0,0,0,0
30177,N,"63rd-Dan Ryan (Howard-bound)",-87.630952000000000000000000000000,41.780536000000000000000000000000,63rd,"63rd (Red Line)",40910,0,1,0,0,0,0,0,0,0,0
30192,S,"69th (95th-bound)",-87.625724000000000000000000000000,41.768367000000000000000000000000,69th,"69th (Red Line)",40990,1,1,0,0,0,0,0,0,0,0
30191,N,"69th (Howard-bound)",-87.625724000000000000000000000000,41.768367000000000000000000000000,69th,"69th (Red Line)",40990,1,1,0,0,0,0,0,0,0,0
30047,S,"79th (95th-bound)",-87.625112000000000000000000000000,41.750419000000000000000000000000,79th,"79th (Red Line)",40240,1,1,0,0,0,0,0,0,0,0
30046,N,"79th (Howard-bound)",-87.625112000000000000000000000000,41.750419000000000000000000000000,79th,"79th (Red Line)",40240,1,1,0,0,0,0,0,0,0,0
30276,S,"87th (95th-bound)",-87.624717000000000000000000000000,41.735372000000000000000000000000,87th,"87th (Red Line)",41430,0,1,0,0,0,0,0,0,0,0
30275,N,"87th (Howard-bound)",-87.624717000000000000000000000000,41.735372000000000000000000000000,87th,"87th (Red Line)",41430,0,1,0,0,0,0,0,0,0,0
30089,S,"95th/Dan Ryan (95th-bound)",-87.624342000000000000000000000000,41.722377000000000000000000000000,"95th/Dan Ryan","95th/Dan Ryan (Red Line)",40450,1,1,0,0,0,0,0,0,0,0
30088,N,"95th/Dan Ryan (Howard-bound)",-87.624342000000000000000000000000,41.722377000000000000000000000000,"95th/Ran Ryan","95th/Ran Ryan (Red Line)",40450,1,1,0,0,0,0,0,0,0,0
30132,S,"Adams/Wabash (Inner Loop)",-87.626037000000000000000000000000,41.879507000000000000000000000000,Adams/Wabash,"Adams/Wabash (Brown, Green, Orange, Pink & Purple Lines)",40680,0,0,0,0,1,0,1,0,1,1
30131,N,"Adams/Wabash (Outer Loop)",-87.626037000000000000000000000000,41.879507000000000000000000000000,Adams/Wabash,"Adams/Wabash (Brown, Green, Orange, Pink & Purple Lines)",40680,0,0,0,1,1,0,0,0,0,0
30240,S,"Addison (O'Hare Branch) (Forest Pk-bound)",-87.719060000000000000000000000000,41.947380000000000000000000000000,Addison,"Addison (Blue Line)",41240,0,0,1,0,0,0,0,0,0,0
30239,N,"Addison (O'Hare Branch) (O'Hare-bound)",-87.719060000000000000000000000000,41.947380000000000000000000000000,Addison,"Addison (Blue Line)",41240,0,0,1,0,0,0,0,0,0,0
30277,N,"Addison (Kimball-bound)",-87.674642000000000000000000000000,41.947028000000000000000000000000,Addison,"Addison (Brown Line)",41440,1,0,0,1,0,0,0,0,0,0
30278,S,"Addison (Loop-bound)",-87.674642000000000000000000000000,41.947028000000000000000000000000,Addison,"Addison (Brown Line)",41440,1,0,0,1,0,0,0,0,0,0
30274,S,"Addison (95th-bound)",-87.653626000000000000000000000000,41.947428000000000000000000000000,Addison,"Addison (Red Line)",41420,1,1,0,0,0,0,0,0,0,0
30273,N,"Addison (Howard-bound)",-87.653626000000000000000000000000,41.947428000000000000000000000000,Addison,"Addison (Red Line)",41420,1,1,0,0,0,0,0,0,0,0
30230,S,"Argyle (95th-bound)",-87.658530000000000000000000000000,41.973453000000000000000000000000,Argyle,"Argyle (Red Line)",41200,0,1,0,0,0,0,0,0,0,0
30229,N,"Argyle (Howard-bound)",-87.658530000000000000000000000000,41.973453000000000000000000000000,Argyle,"Argyle (Red Line)",41200,0,1,0,0,0,0,0,0,0,0
30127,N,"Armitage (Kimball-Linden-bound)",-87.652644000000000000000000000000,41.918217000000000000000000000000,Armitage,"Armitage (Brown & Purple Lines)",40660,1,0,0,1,0,0,1,0,0,0
30128,S,"Armitage (Loop-bound)",-87.652644000000000000000000000000,41.918217000000000000000000000000,Armitage,"Armitage (Brown & Purple Lines)",40660,1,0,0,1,0,0,1,0,0,0
30205,N,"Ashland (Loop-bound)",-87.665317000000000000000000000000,41.839234000000000000000000000000,Ashland,"Ashland (Orange Line)",41060,1,0,0,0,0,0,0,0,0,1
30206,S,"Ashland (Midway-bound)",-87.665317000000000000000000000000,41.839234000000000000000000000000,Ashland,"Ashland (Orange Line)",41060,1,0,0,0,0,0,0,0,0,1
30032,E,"Ashland (Harlem-54th/Cermak-bound)",-87.666969000000000000000000000000,41.885269000000000000000000000000,Ashland,"Ashland (Green & Pink Lines)",40170,1,0,0,0,1,0,0,0,1,0
30033,W,"Ashland (Loop-63rd-bound)",-87.666969000000000000000000000000,41.885269000000000000000000000000,Ashland,"Ashland (Green & Pink Lines)",40170,1,0,0,0,1,0,0,0,1,0
30056,E,"Ashland/63rd (Harlem-bound)",-87.663766000000000000000000000000,41.778860000000000000000000000000,Ashland/63rd,"Ashland/63rd (Green Line)",40290,1,0,0,0,1,0,0,0,0,0
30057,W,"Ashland/63rd (Terminal arrival)",-87.663766000000000000000000000000,41.778860000000000000000000000000,Ashland/63rd,"Ashland/63rd (Green Line)",40290,1,0,0,0,1,0,0,0,0,0
30002,W,"Austin (Forest Pk-bound)",-87.776812000000000000000000000000,41.870851000000000000000000000000,Austin,"Austin (Blue Line)",40010,0,0,1,0,0,0,0,0,0,0
30001,E,"Austin (O'Hare-bound)",-87.776812000000000000000000000000,41.870851000000000000000000000000,Austin,"Austin (Blue Line)",40010,0,0,1,0,0,0,0,0,0,0
30243,E,"Austin (63rd-bound)",-87.774135000000000000000000000000,41.887293000000000000000000000000,Austin,"Austin (Green Line)",41260,0,0,0,0,1,0,0,0,0,0
30244,W,"Austin (Harlem-bound)",-87.774135000000000000000000000000,41.887293000000000000000000000000,Austin,"Austin (Green Line)",41260,0,0,0,0,1,0,0,0,0,0
30013,S,"Belmont (O'Hare Branch) (Forest Pk-bound)",-87.712359000000000000000000000000,41.938132000000000000000000000000,Belmont,"Belmont (Blue Line)",40060,0,0,1,0,0,0,0,0,0,0
30012,N,"Belmont (O'Hare Branch) (O'Hare-bound)",-87.712359000000000000000000000000,41.938132000000000000000000000000,Belmont,"Belmont (Blue Line)",40060,0,0,1,0,0,0,0,0,0,0
30256,S,"Belmont (95th-bound)",-87.653380000000000000000000000000,41.939751000000000000000000000000,Belmont,"Belmont (Red, Brown & Purple Lines)",41320,1,1,0,0,0,0,0,0,0,0
30255,N,"Belmont (Howard-bound)",-87.653380000000000000000000000000,41.939751000000000000000000000000,Belmont,"Belmont (Red, Brown & Purple Lines)",41320,1,1,0,0,0,0,0,0,0,0
30257,N,"Belmont (Kimball-Linden-bound)",-87.653380000000000000000000000000,41.939751000000000000000000000000,Belmont,"Belmont (Red, Brown & Purple Lines)",41320,1,0,0,1,0,0,1,0,0,0
30258,S,"Belmont (Loop-bound)",-87.653380000000000000000000000000,41.939751000000000000000000000000,Belmont,"Belmont (Red, Brown & Purple Lines)",41320,1,0,0,1,0,0,1,0,0,0
30067,S,"Berwyn (95th-bound)",-87.658668000000000000000000000000,41.977984000000000000000000000000,Berwyn,"Berwyn (Red Line)",40340,0,1,0,0,0,0,0,0,0,0
30066,N,"Berwyn (Howard-bound)",-87.658668000000000000000000000000,41.977984000000000000000000000000,Berwyn,"Berwyn (Red Line)",40340,0,1,0,0,0,0,0,0,0,0
30268,S,"Bryn Mawr (95th-bound)",-87.658840000000000000000000000000,41.983504000000000000000000000000,"Bryn Mawr","Bryn Mawr (Red Line)",41380,0,1,0,0,0,0,0,0,0,0
30267,N,"Bryn Mawr (Howard-bound)",-87.658840000000000000000000000000,41.983504000000000000000000000000,"Bryn Mawr","Bryn Mawr (Red Line)",41380,0,1,0,0,0,0,0,0,0,0
30087,W,"California (54th/Cermak-bound)",-87.694774000000000000000000000000,41.854109000000000000000000000000,California,"California (Pink Line)",40440,1,0,0,0,0,0,0,0,1,0
30086,E,"California (Loop-bound)",-87.694774000000000000000000000000,41.854109000000000000000000000000,California,"California (Pink Line)",40440,1,0,0,0,0,0,0,0,1,0
30112,S,"California/Milwaukee (Forest Pk-bound)",-87.696890000000000000000000000000,41.921939000000000000000000000000,California,"California  (Blue Line)",40570,0,0,1,0,0,0,0,0,0,0
30265,E,"California (63rd-bound)",-87.696234000000000000000000000000,41.884220000000000000000000000000,California,"California (Green Line)",41360,1,0,0,0,1,0,0,0,0,0
30266,W,"California (Harlem-bound)",-87.696234000000000000000000000000,41.884220000000000000000000000000,California,"California (Green Line)",41360,1,0,0,0,1,0,0,0,0,0
30111,N,"California/Milwaukee (O'Hare-bound)",-87.696890000000000000000000000000,41.921939000000000000000000000000,California,"California (Blue Line)",40570,0,0,1,0,0,0,0,0,0,0
30242,S,"Central-Evanston (Howard-Loop-bound)",-87.685617000000000000000000000000,42.063987000000000000000000000000,Central,"Central (Purple Line)",41250,0,0,0,0,0,1,1,0,0,0
30241,N,"Central-Evanston (Linden-bound)",-87.685617000000000000000000000000,42.063987000000000000000000000000,Central,"Central (Purple Line)",41250,0,0,0,0,0,1,1,0,0,0
30054,E,"Central (63rd-bound)",-87.765650000000000000000000000000,41.887389000000000000000000000000,Central,"Central (Green Line)",40280,1,0,0,0,1,0,0,0,0,0
30055,W,"Central (Harlem-bound)",-87.765650000000000000000000000000,41.887389000000000000000000000000,Central,"Central (Green Line)",40280,1,0,0,0,1,0,0,0,0,0
30152,W,"Central Park (54th/Cermak-bound)",-87.714842000000000000000000000000,41.853839000000000000000000000000,"Central Park","Central Park (Pink Line)",40780,1,0,0,0,0,0,0,0,1,0
30151,E,"Central Park (Loop-bound)",-87.714842000000000000000000000000,41.853839000000000000000000000000,"Central Park","Central Park (Pink Line)",40780,1,0,0,0,0,0,0,0,1,0
30194,S,"Cermak-Chinatown (95th-bound)",-87.630968000000000000000000000000,41.853206000000000000000000000000,Cermak-Chinatown,"Cermak-Chinatown (Red Line)",41000,1,1,0,0,0,0,0,0,0,0
30193,N,"Cermak-Chinatown (Howard-bound)",-87.630968000000000000000000000000,41.853206000000000000000000000000,Cermak-Chinatown,"Cermak-Chinatown (Red Line)",41000,1,1,0,0,0,0,0,0,0,0
30272,S,"Chicago/Milwaukee (Forest Pk-bound)",-87.655214000000000000000000000000,41.896075000000000000000000000000,Chicago,"Chicago (Blue Line)",41410,0,0,1,0,0,0,0,0,0,0
30271,N,"Chicago/Milwaukee (O'Hare-bound)",-87.655214000000000000000000000000,41.896075000000000000000000000000,Chicago,"Chicago (Blue Line)",41410,0,0,1,0,0,0,0,0,0,0
30137,N,"Chicago/Franklin (Kimball-Linden-bound)",-87.635924000000000000000000000000,41.896810000000000000000000000000,Chicago,"Chicago (Brown & Purple Lines)",40710,1,0,0,1,0,0,1,0,0,0
30138,S,"Chicago/Franklin (Loop-bound)",-87.635924000000000000000000000000,41.896810000000000000000000000000,Chicago,"Chicago (Brown & Purple Lines)",40710,1,0,0,1,0,0,1,0,0,0
30280,S,"Chicago/State (95th-bound)",-87.628176000000000000000000000000,41.896671000000000000000000000000,Chicago,"Chicago (Red Line)",41450,1,1,0,0,0,0,0,0,0,0
30279,N,"Chicago/State (Howard-bound)",-87.628176000000000000000000000000,41.896671000000000000000000000000,Chicago,"Chicago (Red Line)",41450,1,1,0,0,0,0,0,0,0,0
30083,W,"Cicero (54th/Cermak-bound)",-87.745336000000000000000000000000,41.851820000000000000000000000000,Cicero,"Cicero (Pink Line)",40420,1,0,0,0,0,0,0,0,1,0
30082,E,"Cicero (Loop-bound)",-87.745336000000000000000000000000,41.851820000000000000000000000000,Cicero,"Cicero (Pink Line)",40420,1,0,0,0,0,0,0,0,1,0
30188,W,"Cicero (Forest Pk-bound)",-87.745154000000000000000000000000,41.871574000000000000000000000000,Cicero,"Cicero (Blue Line)",40970,0,0,1,0,0,0,0,0,0,0
30187,E,"Cicero (O'Hare-bound)",-87.745154000000000000000000000000,41.871574000000000000000000000000,Cicero,"Cicero (Blue Line)",40970,0,0,1,0,0,0,0,0,0,0
30094,E,"Cicero (63rd-bound)",-87.744698000000000000000000000000,41.886519000000000000000000000000,Cicero,"Cicero (Green Line)",40480,1,0,0,0,1,0,0,0,0,0
30009,W,"Cicero (Harlem-bound)",-87.744698000000000000000000000000,41.886519000000000000000000000000,Cicero,"Cicero (Green Line)",40480,1,0,0,0,1,0,0,0,0,0
30122,S,"Clark/Division (95th-bound)",-87.631412000000000000000000000000,41.903920000000000000000000000000,Clark/Division,"Clark/Division (Red Line)",40630,0,1,0,0,0,0,0,0,0,0
30121,N,"Clark/Division (Howard-bound)",-87.631412000000000000000000000000,41.903920000000000000000000000000,Clark/Division,"Clark/Division (Red Line)",40630,0,1,0,0,0,0,0,0,0,0
30074,E,"Clark/Lake (Inner Loop)",-87.630886000000000000000000000000,41.885737000000000000000000000000,Clark/Lake,"Clark/Lake (Blue, Brown, Green, Orange, Purple & Pink Lines)",40380,1,0,0,0,1,0,1,0,1,1
30075,W,"Clark/Lake (Outer Loop)",-87.630886000000000000000000000000,41.885737000000000000000000000000,Clark/Lake,"Clark/Lake (Blue, Brown, Green, Orange, Purple & Pink Lines)",40380,1,0,0,1,1,0,0,0,0,0
30374,S,"Clark/Lake (Forest Pk-bound)",-87.630886000000000000000000000000,41.885737000000000000000000000000,Clark/Lake,"Clark/Lake (Blue, Brown, Green, Orange, Purple & Pink Lines)",40380,1,0,1,0,0,0,0,0,0,0
30375,N,"Clark/Lake (O'Hare-bound)",-87.630886000000000000000000000000,41.885737000000000000000000000000,Clark/Lake,"Clark/Lake (Blue, Brown, Green, Orange, Purple & Pink Lines)",40380,1,0,1,0,0,0,0,0,0,0
30085,W,"Clinton (Forest Pk-bound)",-87.640984000000000000000000000000,41.875539000000000000000000000000,Clinton,"Clinton (Blue Line)",40430,0,0,1,0,0,0,0,0,0,0
30084,E,"Clinton (O'Hare-bound)",-87.640984000000000000000000000000,41.875539000000000000000000000000,Clinton,"Clinton (Blue Line)",40430,0,0,1,0,0,0,0,0,0,0
30222,W,"Clinton (Harlem-54th/Cermak-bound)",-87.641782000000000000000000000000,41.885678000000000000000000000000,Clinton,"Clinton (Green & Pink Lines)",41160,1,0,0,0,1,0,0,0,1,0
30221,E,"Clinton (Loop-63rd-bound)",-87.641782000000000000000000000000,41.885678000000000000000000000000,Clinton,"Clinton (Green & Pink Lines)",41160,1,0,0,0,1,0,0,0,1,0
30291,E,"Conservatory (63rd-bound)",-87.716523000000000000000000000000,41.884904000000000000000000000000,Conservatory,"Conservatory (Green Line)",41670,1,0,0,0,1,0,0,0,0,0
30292,W,"Conservatory (Harlem-bound)",-87.716523000000000000000000000000,41.884904000000000000000000000000,Conservatory,"Conservatory (Green Line)",41670,1,0,0,0,1,0,0,0,0,0
30139,E,"Cottage Grove (Terminal arrival)",-87.605857000000000000000000000000,41.780309000000000000000000000000,"Cottage Grove","Cottage Grove (Green Line)",40720,1,0,0,0,1,0,0,0,0,0
30140,W,"East 63rd-Cottage Grove (Harlem-bound)",-87.605857000000000000000000000000,41.780309000000000000000000000000,"Cottage Grove","Cottage Grove (Green Line)",40720,1,0,0,0,1,0,0,0,0,0
30045,S,"Cumberland (Forest Pk-bound)",-87.838028000000000000000000000000,41.984246000000000000000000000000,Cumberland,"Cumberland (Blue Line)",40230,1,0,1,0,0,0,0,0,0,0
30044,N,"Cumberland (O'Hare-bound)",-87.838028000000000000000000000000,41.984246000000000000000000000000,Cumberland,"Cumberland (Blue Line)",40230,1,0,1,0,0,0,0,0,0,0
30041,W,"Damen (54th/Cermak-bound)",-87.675975000000000000000000000000,41.854517000000000000000000000000,Damen,"Damen (Pink Line)",40210,1,0,0,0,0,0,0,0,1,0
30040,E,"Damen (Loop-bound)",-87.675975000000000000000000000000,41.854517000000000000000000000000,Damen,"Damen (Pink Line)",40210,1,0,0,0,0,0,0,0,1,0
30116,S,"Damen/Milwaukee (Forest Pk-bound)",-87.677437000000000000000000000000,41.909744000000000000000000000000,Damen,"Damen (Blue Line)",40590,0,0,1,0,0,0,0,0,0,0
30115,N,"Damen/Milwaukee (O'Hare-bound)",-87.677437000000000000000000000000,41.909744000000000000000000000000,Damen,"Damen (Blue Line)",40590,0,0,1,0,0,0,0,0,0,0
30018,N,"Damen (Kimball-bound)",-87.678639000000000000000000000000,41.966286000000000000000000000000,Damen,"Damen (Brown Line)",40090,1,0,0,1,0,0,0,0,0,0
30019,S,"Damen (Loop-bound)",-87.678639000000000000000000000000,41.966286000000000000000000000000,Damen,"Damen (Brown Line)",40090,1,0,0,1,0,0,0,0,0,0
30011,S,"Davis (Howard-Loop-bound)",-87.683543000000000000000000000000,42.047710000000000000000000000000,Davis,"Davis (Purple Line)",40050,1,0,0,0,0,1,1,0,0,0
30010,N,"Davis (Linden-bound)",-87.683543000000000000000000000000,42.047710000000000000000000000000,Davis,"Davis (Purple Line)",40050,1,0,0,0,0,1,1,0,0,0
30134,S,"Dempster (Howard-Loop-bound)",-87.681602000000000000000000000000,42.041655000000000000000000000000,Dempster,"Dempster (Purple Line)",40690,0,0,0,0,0,1,1,0,0,0
30133,N,"Dempster (Linden-bound)",-87.681602000000000000000000000000,42.041655000000000000000000000000,Dempster,"Dempster (Purple Line)",40690,0,0,0,0,0,1,1,0,0,0
30103,N,"Diversey (Kimball-Linden-bound)",-87.653131000000000000000000000000,41.932732000000000000000000000000,Diversey,"Diversey (Brown & Purple Lines)",40530,1,0,0,1,0,0,1,0,0,0
30104,S,"Diversey (Loop-bound)",-87.653131000000000000000000000000,41.932732000000000000000000000000,Diversey,"Diversey (Brown & Purple Lines)",40530,1,0,0,1,0,0,1,0,0,0
30063,S,"Division/Milwaukee (Forest Pk-bound)",-87.666496000000000000000000000000,41.903355000000000000000000000000,Division,"Division (Blue Line)",40320,0,0,1,0,0,0,0,0,0,0
30062,N,"Division/Milwaukee (O'Hare-bound)",-87.666496000000000000000000000000,41.903355000000000000000000000000,Division,"Division (Blue Line)",40320,0,0,1,0,0,0,0,0,0,0
30076,E,"Forest Park (O'Hare-bound)",-87.817318000000000000000000000000,41.874257000000000000000000000000,"Forest Park","Forest Park (Blue Line)",40390,1,0,1,0,0,0,0,0,0,0
30077,W,"Forest Park (Terminal Arrival)",-87.817318000000000000000000000000,41.874257000000000000000000000000,"Forest Park","Forest Park (Blue Line)",40390,1,0,1,0,0,0,0,0,0,0
30102,S,"Foster (Howard-Loop-bound)",-87.683560000000000000000000000000,42.054160000000000000000000000000,Foster,"Foster (Purple Line)",40520,0,0,0,0,0,1,1,0,0,0
30101,N,"Foster (Linden-bound)",-87.683560000000000000000000000000,42.054160000000000000000000000000,Foster,"Foster (Purple Line)",40520,0,0,0,0,0,1,1,0,0,0
30167,N,"Francisco (Kimball-bound)",-87.701644000000000000000000000000,41.966046000000000000000000000000,Francisco,"Francisco (Brown Line)",40870,1,0,0,1,0,0,0,0,0,0
30168,S,"Francisco (Loop-bound)",-87.701644000000000000000000000000,41.966046000000000000000000000000,Francisco,"Francisco (Brown Line)",40870,1,0,0,1,0,0,0,0,0,0
30234,S,"Fullerton (95th-bound)",-87.652866000000000000000000000000,41.925051000000000000000000000000,Fullerton,"Fullerton (Red, Brown & Purple Lines)",41220,1,1,0,0,0,0,0,0,0,0
30233,N,"Fullerton (Howard-bound)",-87.652866000000000000000000000000,41.925051000000000000000000000000,Fullerton,"Fullerton (Red, Brown & Purple Lines)",41220,1,1,0,0,0,0,0,0,0,0
30235,N,"Fullerton (Kimball-Linden-bound)",-87.652866000000000000000000000000,41.925051000000000000000000000000,Fullerton,"Fullerton (Red, Brown & Purple Lines)",41220,1,0,0,1,0,0,1,0,0,0
30236,S,"Fullerton (Loop-bound)",-87.652866000000000000000000000000,41.925051000000000000000000000000,Fullerton,"Fullerton (Red, Brown & Purple Lines)",41220,1,0,0,1,0,0,1,0,0,0
30100,S,"Garfield (63rd-bound)",-87.618327000000000000000000000000,41.795172000000000000000000000000,Garfield,"Garfield (Green Line)",40510,1,0,0,0,1,0,0,0,0,0
30099,N,"Garfield (Harlem-bound)",-87.618327000000000000000000000000,41.795172000000000000000000000000,Garfield,"Garfield (Green Line)",40510,1,0,0,0,1,0,0,0,0,0
30224,S,"Garfield-Dan Ryan (95th-bound)",-87.631157000000000000000000000000,41.795420000000000000000000000000,Garfield,"Garfield (Red Line)",41170,0,1,0,0,0,0,0,0,0,0
30223,N,"Garfield-Dan Ryan (Howard-bound)",-87.631157000000000000000000000000,41.795420000000000000000000000000,Garfield,"Garfield (Red Line)",41170,0,1,0,0,0,0,0,0,0,0
30096,S,"Grand/Milwaukee (Forest Pk-bound)",-87.647578000000000000000000000000,41.891189000000000000000000000000,Grand,"Grand (Blue Line)",40490,0,0,1,0,0,0,0,0,0,0
30095,N,"Grand/Milwaukee (O'Hare-bound)",-87.647578000000000000000000000000,41.891189000000000000000000000000,Grand,"Grand (Blue Line)",40490,0,0,1,0,0,0,0,0,0,0
30065,S,"Grand/State (95th-bound)",-87.628021000000000000000000000000,41.891665000000000000000000000000,Grand,"Grand (Red Line)",40330,1,1,0,0,0,0,0,0,0,0
30064,N,"Grand/State (Howard-bound)",-87.628021000000000000000000000000,41.891665000000000000000000000000,Grand,"Grand (Red Line)",40330,1,1,0,0,0,0,0,0,0,0
30148,S,"Granville (95th-bound)",-87.659202000000000000000000000000,41.993664000000000000000000000000,Granville,"Granville (Red Line)",40760,1,1,0,0,0,0,0,0,0,0
30147,N,"Granville (Howard-bound)",-87.659202000000000000000000000000,41.993664000000000000000000000000,Granville,"Granville (Red Line)",40760,1,1,0,0,0,0,0,0,0,0
30215,N,"Halsted (Loop-bound)",-87.648088000000000000000000000000,41.846780000000000000000000000000,Halsted,"Halsted (Orange Line)",41130,1,0,0,0,0,0,0,0,0,1
30216,S,"Halsted (Midway-bound)",-87.648088000000000000000000000000,41.846780000000000000000000000000,Halsted,"Halsted (Orange Line)",41130,1,0,0,0,0,0,0,0,0,1
30184,W,"Halsted/63rd (Ashland-bound)",-87.644244000000000000000000000000,41.778943000000000000000000000000,Halsted,"Halsted (Green Line)",40940,1,0,0,0,1,0,0,0,0,0
30183,E,"Halsted/63rd (Harlem-bound)",-87.644244000000000000000000000000,41.778943000000000000000000000000,Halsted,"Halsted (Green Line)",40940,1,0,0,0,1,0,0,0,0,0
30190,W,"Harlem (Forest Pk-bound)",-87.806961000000000000000000000000,41.873490000000000000000000000000,Harlem,"Harlem (Blue Line - Forest Park Branch)",40980,0,0,1,0,0,0,0,0,0,0
30189,E,"Harlem (O'Hare-bound)",-87.806961000000000000000000000000,41.873490000000000000000000000000,Harlem,"Harlem (Blue Line - Forest Park Branch)",40980,0,0,1,0,0,0,0,0,0,0
30146,S,"Harlem (O'Hare Branch) (Forest Pk-bound)",-87.808900000000000000000000000000,41.982270000000000000000000000000,Harlem,"Harlem (Blue Line - O'Hare Branch)",40750,1,0,1,0,0,0,0,0,0,0
30145,N,"Harlem (O'Hare Branch) (O'Hare-bound)",-87.808900000000000000000000000000,41.982270000000000000000000000000,Harlem,"Harlem (Blue Line - O'Hare Branch)",40750,1,0,1,0,0,0,0,0,0,0
30004,W,"Harlem (Terminal arrival)",-87.803176000000000000000000000000,41.886848000000000000000000000000,Harlem/Lake,"Harlem/Lake (Green Line)",40020,1,0,0,0,1,0,0,0,0,0
30003,E,"Harlem (63rd-bound)",-87.803176000000000000000000000000,41.886848000000000000000000000000,Harlem/Lake,"Harlem/Lake (Green Line)",40020,1,0,0,0,1,0,0,0,0,0
30166,W,"Library (Inner Loop)",-87.628196000000000000000000000000,41.876862000000000000000000000000,"Harold Washington Library-State/Van Buren","Harold Washington Library-State/Van Buren (Brown, Orange, Purple & Pink Lines)",40850,1,0,0,0,0,0,1,0,1,1
30165,E,"Library (Outer Loop)",-87.628196000000000000000000000000,41.876862000000000000000000000000,"Harold Washington Library-State/Van Buren","Harold Washington Library-State/Van Buren (Brown, Orange, Purple & Pink Lines)",40850,1,0,0,1,0,0,0,0,0,0
30286,S,"Harrison (95th-bound)",-87.627479000000000000000000000000,41.874039000000000000000000000000,Harrison,"Harrison (Red Line)",41490,0,1,0,0,0,0,0,0,0,0
30285,N,"Harrison (Howard-bound)",-87.627479000000000000000000000000,41.874039000000000000000000000000,Harrison,"Harrison (Red Line)",41490,0,1,0,0,0,0,0,0,0,0
30175,N,"Howard (NB) (Linden, Skokie-bound)",-87.672892000000000000000000000000,42.019063000000000000000000000000,Howard,"Howard (Red, Purple & Yellow Lines)",40900,1,0,0,0,0,1,1,1,0,0
30176,S,"Howard (Terminal arrival)",-87.672892000000000000000000000000,42.019063000000000000000000000000,Howard,"Howard (Red, Purple & Yellow Lines)",40900,1,0,0,0,0,1,1,1,0,0
30173,N,"Howard (Terminal arrival)",-87.672892000000000000000000000000,42.019063000000000000000000000000,Howard,"Howard (Red, Purple & Yellow Lines)",40900,1,1,0,0,0,0,0,0,0,0
30174,S,"Howard (95th-Bound)",-87.672892000000000000000000000000,42.019063000000000000000000000000,Howard,"Howard (Red, Purple & Yellow Lines)",40900,1,1,0,0,0,0,0,0,0,0
30158,W,"Illinois Medical District (Forest Pk-bound)",-87.673932000000000000000000000000,41.875706000000000000000000000000,"Illinois Medical District","Illinois Medical District (Blue Line)",40810,1,0,1,0,0,0,0,0,0,0
30157,E,"Illinois Medical District (O'Hare-bound)",-87.673932000000000000000000000000,41.875706000000000000000000000000,"Illinois Medical District","Illinois Medical District (Blue Line)",40810,1,0,1,0,0,0,0,0,0,0
30059,S,"Indiana (63rd-bound)",-87.621371000000000000000000000000,41.821732000000000000000000000000,Indiana,"Indiana (Green Line)",40300,1,0,0,0,1,0,0,0,0,0
30058,N,"Indiana (Harlem-bound)",-87.621371000000000000000000000000,41.821732000000000000000000000000,Indiana,"Indiana (Green Line)",40300,1,0,0,0,1,0,0,0,0,0
30108,S,"Irving Park (O'Hare Branch) (Forest Pk-bound)",-87.729229000000000000000000000000,41.952925000000000000000000000000,"Irving Park","Irving Park (Blue Line)",40550,0,0,1,0,0,0,0,0,0,0
30107,N,"Irving Park (O'Hare Branch) (O'Hare-bound)",-87.729229000000000000000000000000,41.952925000000000000000000000000,"Irving Park","Irving Park (Blue Line)",40550,0,0,1,0,0,0,0,0,0,0
30281,N,"Irving Park (Kimball-bound)",-87.674868000000000000000000000000,41.954521000000000000000000000000,"Irving Park","Irving Park (Brown Line)",41460,1,0,0,1,0,0,0,0,0,0
30282,S,"Irving Park (Loop-bound)",-87.674868000000000000000000000000,41.954521000000000000000000000000,"Irving Park","Irving Park (Brown Line)",41460,1,0,0,1,0,0,0,0,0,0
30015,S,"Jackson/Dearborn (Forest Pk-bound)",-87.629296000000000000000000000000,41.878183000000000000000000000000,Jackson,"Jackson (Blue Line)",40070,1,0,1,0,0,0,0,0,0,0
30014,N,"Jackson/Dearborn (O'Hare-bound)",-87.629296000000000000000000000000,41.878183000000000000000000000000,Jackson,"Jackson (Blue Line)",40070,1,0,1,0,0,0,0,0,0,0
30110,S,"Jackson/State (95th-bound)",-87.627596000000000000000000000000,41.878153000000000000000000000000,Jackson,"Jackson (Red Line)",40560,1,1,0,0,0,0,0,0,0,0
30109,N,"Jackson/State (Howard-bound)",-87.627596000000000000000000000000,41.878153000000000000000000000000,Jackson,"Jackson (Red Line)",40560,1,1,0,0,0,0,0,0,0,0
30228,S,"Jarvis (95th-bound)",-87.669092000000000000000000000000,42.015876000000000000000000000000,Jarvis,"Jarvis (Red Line)",41190,0,1,0,0,0,0,0,0,0,0
30227,N,"Jarvis (Howard-bound)",-87.669092000000000000000000000000,42.015876000000000000000000000000,Jarvis,"Jarvis (Red Line)",41190,0,1,0,0,0,0,0,0,0,0
30248,S,"Jefferson Park (Forest Pk-bound)",-87.760892000000000000000000000000,41.970634000000000000000000000000,"Jefferson Park","Jefferson Park (Blue Line)",41280,1,0,1,0,0,0,0,0,0,0
30247,N,"Jefferson Park (O'Hare-bound)",-87.760892000000000000000000000000,41.970634000000000000000000000000,"Jefferson Park","Jefferson Park (Blue Line)",41280,1,0,1,0,0,0,0,0,0,0
30219,N,"Kedzie (Loop-bound)",-87.704406000000000000000000000000,41.804236000000000000000000000000,Kedzie,"Kedzie (Orange Line)",41150,1,0,0,0,0,0,0,0,0,1
30220,S,"Kedzie (Midway-bound)",-87.704406000000000000000000000000,41.804236000000000000000000000000,Kedzie,"Kedzie (Orange Line)",41150,1,0,0,0,0,0,0,0,0,1
30202,W,"Kedzie (54th/Cermak-bound)",-87.705408000000000000000000000000,41.853964000000000000000000000000,Kedzie,"Kedzie (Pink Line)",41040,1,0,0,0,0,0,0,0,1,0
30201,E,"Kedzie (Loop-bound)",-87.705408000000000000000000000000,41.853964000000000000000000000000,Kedzie,"Kedzie (Pink Line)",41040,1,0,0,0,0,0,0,0,1,0
30225,N,"Kedzie (Kimball-bound)",-87.708821000000000000000000000000,41.965996000000000000000000000000,Kedzie,"Kedzie (Brown Line)",41180,1,0,0,1,0,0,0,0,0,0
30226,S,"Kedzie (Loop-bound)",-87.708821000000000000000000000000,41.965996000000000000000000000000,Kedzie,"Kedzie (Brown Line)",41180,1,0,0,1,0,0,0,0,0,0
30207,E,"Kedzie (63rd-bound)",-87.706155000000000000000000000000,41.884321000000000000000000000000,Kedzie,"Kedzie (Green Line)",41070,1,0,0,0,1,0,0,0,0,0
30208,W,"Kedzie (Harlem-bound)",-87.706155000000000000000000000000,41.884321000000000000000000000000,Kedzie,"Kedzie (Green Line)",41070,1,0,0,0,1,0,0,0,0,0
30049,W,"Kedzie-Homan (Forest Pk-bound)",-87.706040000000000000000000000000,41.874341000000000000000000000000,Kedzie-Homan,"Kedzie-Homan (Blue Line)",40250,1,0,1,0,0,0,0,0,0,0
30048,E,"Kedzie-Homan (O'Hare-bound)",-87.706040000000000000000000000000,41.874341000000000000000000000000,Kedzie-Homan,"Kedzie-Homan (Blue Line)",40250,1,0,1,0,0,0,0,0,0,0
30250,S,"Kimball (Loop-bound)",-87.713065000000000000000000000000,41.967901000000000000000000000000,Kimball,"Kimball (Brown Line)",41290,1,0,0,1,0,0,0,0,0,0
30249,N,"Kimball (Terminal arrival)",-87.713065000000000000000000000000,41.967901000000000000000000000000,Kimball,"Kimball (Brown Line)",41290,1,0,0,1,0,0,0,0,0,0
30217,E,"King Drive (Cottage Grove-bound)",-87.615546000000000000000000000000,41.780130000000000000000000000000,"King Drive","King Drive (Green Line)",41140,1,0,0,0,1,0,0,0,0,0
30218,W,"King Drive (Harlem-bound)",-87.615546000000000000000000000000,41.780130000000000000000000000000,"King Drive","King Drive (Green Line)",41140,1,0,0,0,1,0,0,0,0,0
30118,W,"Kostner (54th/Cermak-bound)",-87.733258000000000000000000000000,41.853751000000000000000000000000,Kostner,"Kostner (Pink Line)",40600,1,0,0,0,0,0,0,0,1,0
30117,E,"Kostner (Loop-bound)",-87.733258000000000000000000000000,41.853751000000000000000000000000,Kostner,"Kostner (Pink Line)",40600,1,0,0,0,0,0,0,0,1,0
30290,S,"Lake/State (95th-bound)",-87.627813000000000000000000000000,41.884809000000000000000000000000,Lake,"Lake (Red Line)",41660,1,1,0,0,0,0,0,0,0,0
30289,N,"Lake/State (Howard-bound)",-87.627813000000000000000000000000,41.884809000000000000000000000000,Lake,"Lake (Red Line)",41660,1,1,0,0,0,0,0,0,0,0
30135,E,"Laramie (63rd-bound)",-87.754986000000000000000000000000,41.887163000000000000000000000000,Laramie,"Laramie (Green Line)",40700,1,0,0,0,1,0,0,0,0,0
30136,W,"Laramie (Harlem-bound)",-87.754986000000000000000000000000,41.887163000000000000000000000000,Laramie,"Laramie (Green Line)",40700,1,0,0,0,1,0,0,0,0,0
30262,W,"LaSalle (Forest Pk-bound)",-87.631722000000000000000000000000,41.875568000000000000000000000000,LaSalle,"LaSalle (Blue Line)",41340,0,0,1,0,0,0,0,0,0,0
30261,E,"LaSalle (O'Hare-bound)",-87.631722000000000000000000000000,41.875568000000000000000000000000,LaSalle,"LaSalle (Blue Line)",41340,0,0,1,0,0,0,0,0,0,0
30031,W,"LaSalle/Van Buren (Inner Loop)",-87.631739000000000000000000000000,41.876800000000000000000000000000,"LaSalle/Van Buren","LaSalle/Van Buren (Brown, Orange, Purple & Pink Lines)",40160,0,0,0,0,0,0,1,0,1,1
30030,E,"LaSalle/Van Buren (Outer Loop)",-87.631739000000000000000000000000,41.876800000000000000000000000000,"LaSalle/Van Buren","LaSalle/Van Buren (Brown, Orange, Purple & Pink Lines)",40160,0,0,0,1,0,0,0,0,0,0
30150,S,"Lawrence (95th-bound)",-87.658493000000000000000000000000,41.969139000000000000000000000000,Lawrence,"Lawrence (Red Line)",40770,0,1,0,0,0,0,0,0,0,0
30149,N,"Lawrence (Howard-bound)",-87.658493000000000000000000000000,41.969139000000000000000000000000,Lawrence,"Lawrence (Red Line)",40770,0,1,0,0,0,0,0,0,0,0
30204,S,"Linden (Howard-Loop-bound)",-87.690730000000000000000000000000,42.073153000000000000000000000000,Linden,"Linden (Purple Line)",41050,1,0,0,0,0,1,1,0,0,0
30203,N,"Linden (Linden-bound)",-87.690730000000000000000000000000,42.073153000000000000000000000000,Linden,"Linden (Purple Line)",41050,1,0,0,0,0,1,1,0,0,0
30198,S,"Logan Square (Forest Pk-bound)",-87.708541000000000000000000000000,41.929728000000000000000000000000,"Logan Square","Logan Square (Blue Line)",41020,1,0,1,0,0,0,0,0,0,0
30197,N,"Logan Square (O'Hare-bound)",-87.708541000000000000000000000000,41.929728000000000000000000000000,"Logan Square","Logan Square (Blue Line)",41020,1,0,1,0,0,0,0,0,0,0
30252,S,"Loyola (95th-bound)",-87.661061000000000000000000000000,42.001073000000000000000000000000,Loyola,"Loyola (Red Line)",41300,1,1,0,0,0,0,0,0,0,0
30251,N,"Loyola (Howard-bound)",-87.661061000000000000000000000000,42.001073000000000000000000000000,Loyola,"Loyola (Red Line)",41300,1,1,0,0,0,0,0,0,0,0
30124,S,"Madison/Wabash (Inner Loop)",-87.626098000000000000000000000000,41.882023000000000000000000000000,Madison/Wabash,"Madison/Wabash (Brown, Green, Orange, Pink & Purple Lines)",40640,0,0,0,0,1,0,1,0,1,1
30123,N,"Madison/Wabash (Outer Loop)",-87.626098000000000000000000000000,41.882023000000000000000000000000,Madison/Wabash,"Madison/Wabash (Brown, Green, Orange, Pink & Purple Lines)",40640,0,0,0,1,1,0,0,0,0,0
30053,S,"Main (Howard-Loop-bound)",-87.679538000000000000000000000000,42.033456000000000000000000000000,Main,"Main (Purple Line)",40270,0,0,0,0,0,1,1,0,0,0
30052,N,"Main (Linden-bound)",-87.679538000000000000000000000000,42.033456000000000000000000000000,Main,"Main (Purple Line)",40270,0,0,0,0,0,1,1,0,0,0
30090,N,"Merchandise Mart (Kimball-Linden-bound)",-87.633924000000000000000000000000,41.888969000000000000000000000000,"Merchandise Mart","Merchandise Mart (Brown & Purple Lines)",40460,1,0,0,1,0,0,1,0,0,0
30091,S,"Merchandise Mart (Loop-bound)",-87.633924000000000000000000000000,41.888969000000000000000000000000,"Merchandise Mart","Merchandise Mart (Brown & Purple Lines)",40460,1,0,0,1,0,0,1,0,0,0
30182,S,"Midway (Arrival)",-87.737875000000000000000000000000,41.786610000000000000000000000000,Midway,"Midway (Orange Line)",40930,1,0,0,0,0,0,0,0,0,1
30181,N,"Midway (Loop-bound)",-87.737875000000000000000000000000,41.786610000000000000000000000000,Midway,"Midway (Orange Line)",40930,1,0,0,0,0,0,0,0,0,1
30154,S,"Monroe/Dearborn (Forest Pk-bound)",-87.629378000000000000000000000000,41.880703000000000000000000000000,Monroe,"Monroe (Blue Line)",40790,0,0,1,0,0,0,0,0,0,0
30153,N,"Monroe/Dearborn (O'Hare-bound)",-87.629378000000000000000000000000,41.880703000000000000000000000000,Monroe,"Monroe (Blue Line)",40790,0,0,1,0,0,0,0,0,0,0
30212,S,"Monroe/State (95th-bound)",-87.627696000000000000000000000000,41.880745000000000000000000000000,Monroe,"Monroe (Red Line)",41090,0,1,0,0,0,0,0,0,0,0
30211,N,"Monroe/State (Howard-bound)",-87.627696000000000000000000000000,41.880745000000000000000000000000,Monroe,"Monroe (Red Line)",41090,0,1,0,0,0,0,0,0,0,0
30260,S,"Montrose (Forest Pk-bound)",-87.743574000000000000000000000000,41.961539000000000000000000000000,Montrose,"Montrose (Blue Line)",41330,0,0,1,0,0,0,0,0,0,0
30259,N,"Montrose (O'Hare-bound)",-87.743574000000000000000000000000,41.961539000000000000000000000000,Montrose,"Montrose (Blue Line)",41330,0,0,1,0,0,0,0,0,0,0
30287,N,"Montrose (Kimball-bound)",-87.675047000000000000000000000000,41.961756000000000000000000000000,Montrose,"Montrose (Brown Line)",41500,1,0,0,1,0,0,0,0,0,0
30288,S,"Montrose (Loop-bound)",-87.675047000000000000000000000000,41.961756000000000000000000000000,Montrose,"Montrose (Brown Line)",41500,1,0,0,1,0,0,0,0,0,0
30296,W,"Morgan (Harlem-54th/Cermak-bound)",-87.652193000000000000000000000000,41.885586000000000000000000000000,Morgan,"Morgan (Green & Pink Lines)",41510,1,0,0,0,1,0,0,0,1,0
30295,E,"Morgan (Loop-63rd-bound)",-87.652193000000000000000000000000,41.885586000000000000000000000000,Morgan,"Morgan (Green & Pink Lines)",41510,1,0,0,0,1,0,0,0,1,0
30021,S,"Morse (95th-bound)",-87.665909000000000000000000000000,42.008362000000000000000000000000,Morse,"Morse (Red Line)",40100,0,1,0,0,0,0,0,0,0,0
30020,N,"Morse (Howard-bound)",-87.665909000000000000000000000000,42.008362000000000000000000000000,Morse,"Morse (Red Line)",40100,0,1,0,0,0,0,0,0,0,0
30126,S,"North/Clybourn (95th-bound)",-87.649177000000000000000000000000,41.910655000000000000000000000000,North/Clybourn,"North/Clybourn (Red Line)",40650,0,1,0,0,0,0,0,0,0,0
30125,N,"North/Clybourn (Howard-bound)",-87.649177000000000000000000000000,41.910655000000000000000000000000,North/Clybourn,"North/Clybourn (Red Line)",40650,0,1,0,0,0,0,0,0,0,0
30079,S,"Noyes (Howard-Loop-bound)",-87.683337000000000000000000000000,42.058282000000000000000000000000,Noyes,"Noyes (Purple Line)",40400,0,0,0,0,0,1,1,0,0,0
30078,N,"Noyes (Linden-bound)",-87.683337000000000000000000000000,42.058282000000000000000000000000,Noyes,"Noyes (Purple Line)",40400,0,0,0,0,0,1,1,0,0,0
30035,W,"Oak Park (Forest Pk-bound)",-87.791602000000000000000000000000,41.872108000000000000000000000000,"Oak Park","Oak Park (Blue Line)",40180,0,0,1,0,0,0,0,0,0,0
30034,E,"Oak Park (O'Hare-bound)",-87.791602000000000000000000000000,41.872108000000000000000000000000,"Oak Park","Oak Park (Blue Line)",40180,0,0,1,0,0,0,0,0,0,0
30263,E,"Oak Park (63rd-bound)",-87.793783000000000000000000000000,41.886988000000000000000000000000,"Oak Park","Oak Park (Green Line)",41350,0,0,0,0,1,0,0,0,0,0
30264,W,"Oak Park (Harlem-bound)",-87.793783000000000000000000000000,41.886988000000000000000000000000,"Oak Park","Oak Park (Green Line)",41350,0,0,0,0,1,0,0,0,0,0
30297,N,"Oakton (Dempster-Skokie-bound)",-87.747220840000000000000000000000,42.026243480000000000000000000000,Oakton-Skokie,"Oakton-Skokie (Yellow Line)",41680,1,0,0,0,0,0,0,1,0,0
30298,S,"Oakton (Howard-bound)",-87.747220840000000000000000000000,42.026243480000000000000000000000,Oakton-Skokie,"Oakton-Skokie (Yellow Line)",41680,1,0,0,0,0,0,0,1,0,0
30172,S,"O'Hare Airport (Forest Pk-bound)",-87.904223070000000000000000000000,41.977665260000000000000000000000,O'Hare,"O'Hare (Blue Line)",40890,1,0,1,0,0,0,0,0,0,0
30171,N,"O'Hare Airport (Terminal Arrival)",-87.904223070000000000000000000000,41.977665260000000000000000000000,O'Hare,"O'Hare (Blue Line)",40890,1,0,1,0,0,0,0,0,0,0
30253,N,"Paulina (Kimball-bound)",-87.670907000000000000000000000000,41.943623000000000000000000000000,Paulina,"Paulina (Brown Line)",41310,1,0,0,1,0,0,0,0,0,0
30254,S,"Paulina (Loop-bound)",-87.670907000000000000000000000000,41.943623000000000000000000000000,Paulina,"Paulina (Brown Line)",41310,1,0,0,1,0,0,0,0,0,0
30200,W,"Polk (54th/Cermak-bound)",-87.669530000000000000000000000000,41.871551000000000000000000000000,Polk,"Polk (Pink Line)",41030,1,0,0,0,0,0,0,0,1,0
30199,E,"Polk (Loop-bound)",-87.669530000000000000000000000000,41.871551000000000000000000000000,Polk,"Polk (Pink Line)",41030,1,0,0,0,0,0,0,0,1,0
30185,N,"Pulaski (Loop-bound)",-87.724493000000000000000000000000,41.799756000000000000000000000000,Pulaski,"Pulaski (Orange Line)",40960,1,0,0,0,0,0,0,0,0,1
30186,S,"Pulaski (Midway-bound)",-87.724493000000000000000000000000,41.799756000000000000000000000000,Pulaski,"Pulaski (Orange Line)",40960,1,0,0,0,0,0,0,0,0,1
30029,W,"Pulaski (54th/Cermak-bound)",-87.724311000000000000000000000000,41.853732000000000000000000000000,Pulaski,"Pulaski (Pink Line)",40150,1,0,0,0,0,0,0,0,1,0
30028,E,"Pulaski (Loop-bound)",-87.724311000000000000000000000000,41.853732000000000000000000000000,Pulaski,"Pulaski (Pink Line)",40150,1,0,0,0,0,0,0,0,1,0
30180,W,"Pulaski (Forest Pk-bound)",-87.725663000000000000000000000000,41.873797000000000000000000000000,Pulaski,"Pulaski (Blue Line)",40920,0,0,1,0,0,0,0,0,0,0
30179,E,"Pulaski (O'Hare-bound)",-87.725663000000000000000000000000,41.873797000000000000000000000000,Pulaski,"Pulaski (Blue Line)",40920,0,0,1,0,0,0,0,0,0,0
30005,E,"Pulaski (63rd-bound)",-87.725404000000000000000000000000,41.885412000000000000000000000000,Pulaski,"Pulaski (Green Line)",40030,1,0,0,0,1,0,0,0,0,0
30006,W,"Pulaski (Harlem-bound)",-87.725404000000000000000000000000,41.885412000000000000000000000000,Pulaski,"Pulaski (Green Line)",40030,1,0,0,0,1,0,0,0,0,0
30007,N,"Quincy/Wells (Inner Loop)",-87.633740000000000000000000000000,41.878723000000000000000000000000,Quincy/Wells,"Quincy/Wells (Brown, Orange, Purple & Pink Lines)",40040,0,0,0,0,0,0,1,0,1,1
30008,S,"Quincy/Wells (Outer Loop)",-87.633740000000000000000000000000,41.878723000000000000000000000000,Quincy/Wells,"Quincy/Wells (Brown, Orange, Purple & Pink Lines)",40040,0,0,0,1,0,0,0,0,0,0
30093,W,"Racine (Forest Pk-bound)",-87.659458000000000000000000000000,41.875920000000000000000000000000,Racine,"Racine (Blue Line)",40470,0,0,1,0,0,0,0,0,0,0
30092,E,"Racine (O'Hare-bound)",-87.659458000000000000000000000000,41.875920000000000000000000000000,Racine,"Racine (Blue Line)",40470,0,0,1,0,0,0,0,0,0,0
30039,S,"Randolph/Wabash (Inner Loop)",-87.626149000000000000000000000000,41.884431000000000000000000000000,Randolph/Wabash,"Randolph/Wabash (Brown, Green, Orange, Pink & Purple Lines)",40200,0,0,0,0,1,0,1,0,1,1
30038,N,"Randolph/Wabash (Outer Loop)",-87.626149000000000000000000000000,41.884431000000000000000000000000,Randolph/Wabash,"Randolph/Wabash (Brown, Green, Orange, Pink & Purple Lines)",40200,0,0,0,1,1,0,0,0,0,0
30119,E,"Ridgeland (63rd-bound)",-87.783661000000000000000000000000,41.887159000000000000000000000000,Ridgeland,"Ridgeland (Green Line)",40610,0,0,0,0,1,0,0,0,0,0
30120,W,"Ridgeland (Harlem-bound)",-87.783661000000000000000000000000,41.887159000000000000000000000000,Ridgeland,"Ridgeland (Green Line)",40610,0,0,0,0,1,0,0,0,0,0
30195,N,"Rockwell (Kimball-bound)",-87.694100000000000000000000000000,41.966115000000000000000000000000,Rockwell,"Rockwell (Brown Line)",41010,1,0,0,1,0,0,0,0,0,0
30196,S,"Rockwell (Loop-bound)",-87.694100000000000000000000000000,41.966115000000000000000000000000,Rockwell,"Rockwell (Brown Line)",41010,1,0,0,1,0,0,0,0,0,0
30080,N,"Roosevelt/Wabash (Loop-Harlem-bound)",-87.626590000000000000000000000000,41.867405000000000000000000000000,Roosevelt,"Roosevelt (Red, Orange & Green Lines)",41400,1,0,0,0,1,0,0,0,0,1
30081,S,"Roosevelt/Wabash (Midway-63rd-bound)",-87.626590000000000000000000000000,41.867405000000000000000000000000,Roosevelt,"Roosevelt (Red, Orange & Green Lines)",41400,1,0,0,0,1,0,0,0,0,1
30269,N,"Roosevelt/State (Howard-bound)",-87.627402000000000000000000000000,41.867368000000000000000000000000,Roosevelt,"Roosevelt (Red, Orange & Green Lines)",41400,1,1,0,0,0,0,0,0,0,0
30270,S,"Roosevelt/State (Howard-bound)",-87.627402000000000000000000000000,41.867368000000000000000000000000,Roosevelt,"Roosevelt (Red, Orange & Green Lines)",41400,1,1,0,0,0,0,0,0,0,0
30160,S,"Rosemont (Forest Pk-bound)",-87.859388000000000000000000000000,41.983507000000000000000000000000,Rosemont,"Rosemont (Blue Line)",40820,1,0,1,0,0,0,0,0,0,0
30159,N,"Rosemont (O'Hare-bound)",-87.859388000000000000000000000000,41.983507000000000000000000000000,Rosemont,"Rosemont (Blue Line)",40820,1,0,1,0,0,0,0,0,0,0
30155,N,"Sedgwick (Kimball-Linden-bound)",-87.639302000000000000000000000000,41.910409000000000000000000000000,Sedgwick,"Sedgwick (Brown & Purple Lines)",40800,1,0,0,1,0,0,1,0,0,0
30156,S,"Sedgwick (Loop-bound)",-87.639302000000000000000000000000,41.910409000000000000000000000000,Sedgwick,"Sedgwick (Brown & Purple Lines)",40800,1,0,0,1,0,0,1,0,0,0
30017,S,"Sheridan (95th-bound)",-87.654929000000000000000000000000,41.953775000000000000000000000000,Sheridan,"Sheridan (Red Line)",40080,0,1,0,0,0,0,0,0,0,0
30016,N,"Sheridan (Howard-bound)",-87.654929000000000000000000000000,41.953775000000000000000000000000,Sheridan,"Sheridan (Red Line)",40080,0,1,0,0,0,0,0,0,0,0
30293,N,"Sheridan (Howard-Linden-bound)",-87.654929000000000000000000000000,41.953775000000000000000000000000,Sheridan,"Sheridan (Red Line)",40080,0,0,0,0,0,0,0,0,0,0
30294,S,"Sheridan (Loop-bound)",-87.654929000000000000000000000000,41.953775000000000000000000000000,Sheridan,"Sheridan (Red Line)",40080,0,0,0,0,0,0,0,0,0,0
30026,N,"Skokie (Arrival)",-87.751919000000000000000000000000,42.038951000000000000000000000000,Skokie,"Dempster-Skokie  (Yellow Line)",40140,1,0,0,0,0,0,0,1,0,0
30027,S,"Skokie (Howard-bound)",-87.751919000000000000000000000000,42.038951000000000000000000000000,Skokie,"Dempster-Skokie  (Yellow Line)",40140,1,0,0,0,0,0,0,1,0,0
30164,S,"South Blvd (Howard-Loop-bound)",-87.678329000000000000000000000000,42.027612000000000000000000000000,"South Boulevard","South Boulevard (Purple Line)",40840,0,0,0,0,0,1,1,0,0,0
30163,N,"South Blvd (Linden-bound)",-87.678329000000000000000000000000,42.027612000000000000000000000000,"South Boulevard","South Boulevard (Purple Line)",40840,0,0,0,0,0,1,1,0,0,0
30070,N,"Southport (Kimball-bound)",-87.663619000000000000000000000000,41.943744000000000000000000000000,Southport,"Southport (Brown Line)",40360,1,0,0,1,0,0,0,0,0,0
30071,S,"Southport (Loop-bound)",-87.663619000000000000000000000000,41.943744000000000000000000000000,Southport,"Southport (Brown Line)",40360,1,0,0,1,0,0,0,0,0,0
30037,S,"Sox-35th (95th-bound)",-87.630636000000000000000000000000,41.831191000000000000000000000000,Sox-35th,"Sox-35th (Red Line)",40190,1,1,0,0,0,0,0,0,0,0
30036,N,"Sox-35th (Howard-bound)",-87.630636000000000000000000000000,41.831191000000000000000000000000,Sox-35th,"Sox-35th (Red Line)",40190,1,1,0,0,0,0,0,0,0,0
30050,E,"State/Lake (Inner Loop)",-87.627835000000000000000000000000,41.885740000000000000000000000000,State/Lake,"State/Lake (Brown, Green, Orange, Pink & Purple Lines)",40260,0,0,0,0,1,0,1,0,1,1
30051,W,"State/Lake (Outer Loop)",-87.627835000000000000000000000000,41.885740000000000000000000000000,State/Lake,"State/Lake (Brown, Green, Orange, Pink & Purple Lines)",40260,0,0,0,1,1,0,0,0,0,0
30170,S,"Thorndale (95th-bound)",-87.659076000000000000000000000000,41.990259000000000000000000000000,Thorndale,"Thorndale (Red Line)",40880,0,1,0,0,0,0,0,0,0,0
30169,N,"Thorndale (Howard-bound)",-87.659076000000000000000000000000,41.990259000000000000000000000000,Thorndale,"Thorndale (Red Line)",40880,0,1,0,0,0,0,0,0,0,0
30069,W,"UIC-Halsted (Forest Pk-bound)",-87.649707000000000000000000000000,41.875474000000000000000000000000,UIC-Halsted,"UIC-Halsted (Blue Line)",40350,1,0,1,0,0,0,0,0,0,0
30068,E,"UIC-Halsted (O'Hare-bound)",-87.649707000000000000000000000000,41.875474000000000000000000000000,UIC-Halsted,"UIC-Halsted (Blue Line)",40350,1,0,1,0,0,0,0,0,0,0
30073,S,"Washington/Dearborn (Forest Pk-bound)",-87.629440000000000000000000000000,41.883164000000000000000000000000,Washington,"Washington (Blue Line)",40370,0,0,1,0,0,0,0,0,0,0
30072,N,"Washington/Dearborn (O'Hare-bound)",-87.629440000000000000000000000000,41.883164000000000000000000000000,Washington,"Washington (Blue Line)",40370,0,0,1,0,0,0,0,0,0,0
30141,N,"Washington/Wells (Inner Loop)",-87.633780000000000000000000000000,41.882695000000000000000000000000,Washington/Wells,"Washington/Wells (Brown, Orange, Purple & Pink Lines)",40730,1,0,0,0,0,0,1,0,1,1
30142,S,"Washington/Wells (Outer Loop)",-87.633780000000000000000000000000,41.882695000000000000000000000000,Washington/Wells,"Washington/Wells (Brown, Orange, Purple & Pink Lines)",40730,1,0,0,1,0,0,0,0,0,0
30231,N,"Wellington (Kimball-Linden-bound)",-87.653266000000000000000000000000,41.936033000000000000000000000000,Wellington,"Wellington (Brown & Purple Lines)",41210,1,0,0,1,0,0,1,0,0,0
30232,S,"Wellington (Loop-bound)",-87.653266000000000000000000000000,41.936033000000000000000000000000,Wellington,"Wellington (Brown & Purple Lines)",41210,1,0,0,1,0,0,1,0,0,0
30060,N,"Western (Loop-bound)",-87.684019000000000000000000000000,41.804546000000000000000000000000,Western,"Western (Orange Line)",40310,1,0,0,0,0,0,0,0,0,1
30061,S,"Western (Midway-bound)",-87.684019000000000000000000000000,41.804546000000000000000000000000,Western,"Western (Orange Line)",40310,1,0,0,0,0,0,0,0,0,1
30144,W,"Western (54th/Cermak-bound)",-87.685129000000000000000000000000,41.854225000000000000000000000000,Western,"Western (Pink Line)",40740,1,0,0,0,0,0,0,0,1,0
30143,E,"Western (Loop-bound)",-87.685129000000000000000000000000,41.854225000000000000000000000000,Western,"Western (Pink Line)",40740,1,0,0,0,0,0,0,0,1,0
30043,W,"Western (Forest Pk-bound)",-87.688436000000000000000000000000,41.875478000000000000000000000000,Western,"Western (Blue Line - Forest Park Branch)",40220,0,0,1,0,0,0,0,0,0,0
30042,E,"Western (O'Hare-bound)",-87.688436000000000000000000000000,41.875478000000000000000000000000,Western,"Western (Blue Line - Forest Park Branch)",40220,0,0,1,0,0,0,0,0,0,0
30130,S,"Western/Milwaukee (Forest Pk-bound)",-87.687364000000000000000000000000,41.916157000000000000000000000000,Western,"Western (Blue Line - O'Hare Branch)",40670,1,0,1,0,0,0,0,0,0,0
30129,N,"Western/Milwaukee (O'Hare-bound)",-87.687364000000000000000000000000,41.916157000000000000000000000000,Western,"Western (Blue Line - O'Hare Branch)",40670,1,0,1,0,0,0,0,0,0,0
30283,N,"Western (Kimball-bound)",-87.688502000000000000000000000000,41.966163000000000000000000000000,Western,"Western (Brown Line)",41480,1,0,0,1,0,0,0,0,0,0
30284,S,"Western (Loop-bound)",-87.688502000000000000000000000000,41.966163000000000000000000000000,Western,"Western (Brown Line)",41480,1,0,0,1,0,0,0,0,0,0
30106,S,"Wilson (95th-bound)",-87.657588000000000000000000000000,41.964273000000000000000000000000,Wilson,"Wilson (Red Line)",40540,0,1,0,0,0,0,0,0,0,0
30105,N,"Wilson (Howard-bound)",-87.657588000000000000000000000000,41.964273000000000000000000000000,Wilson,"Wilson (Red Line)",40540,0,1,0,0,0,0,0,0,0,0
